{
	"feature_importances_": [
		0.06934931506849316,
		0.19417808219178093,
		0.32110834371108365,
		0.4153642590286422,
		0.0,
		0.0
	],
	"max_features_": 6,
	"meta": "decision-tree",
	"n_features_": 6,
	"params": {
		"min_impurity_split": null,
		"min_samples_leaf": 1,
		"random_state": null,
		"presort": "deprecated",
		"ccp_alpha": 0.0,
		"min_weight_fraction_leaf": 0.0,
		"class_weight": null,
		"min_impurity_decrease": 0.0,
		"min_samples_split": 2,
		"max_depth": null,
		"splitter": "best",
		"max_leaf_nodes": null,
		"criterion": "gini",
		"max_features": null
	},
	"classes_": [
		0,
		1
	],
	"tree_": {
		"node_count": 17,
		"nodes_dtype": [
			"<i8",
			"<i8",
			"<i8",
			"<f8",
			"<f8",
			"<i8",
			"<f8"
		],
		"values": [
			[
				[
					73.0,
					8.0
				]
			],
			[
				[
					6.0,
					5.0
				]
			],
			[
				[
					4.0,
					0.0
				]
			],
			[
				[
					2.0,
					5.0
				]
			],
			[
				[
					0.0,
					5.0
				]
			],
			[
				[
					2.0,
					0.0
				]
			],
			[
				[
					67.0,
					3.0
				]
			],
			[
				[
					65.0,
					1.0
				]
			],
			[
				[
					9.0,
					1.0
				]
			],
			[
				[
					1.0,
					1.0
				]
			],
			[
				[
					0.0,
					1.0
				]
			],
			[
				[
					1.0,
					0.0
				]
			],
			[
				[
					8.0,
					0.0
				]
			],
			[
				[
					56.0,
					0.0
				]
			],
			[
				[
					2.0,
					2.0
				]
			],
			[
				[
					2.0,
					0.0
				]
			],
			[
				[
					0.0,
					2.0
				]
			]
		],
		"max_depth": 5,
		"nodes": [
			[
				1,
				6,
				3,
				15.5,
				0.17802164304221912,
				81,
				81.0
			],
			[
				2,
				3,
				3,
				7.0,
				0.49586776859504134,
				11,
				11.0
			],
			[
				-1,
				-1,
				-2,
				-2.0,
				0.0,
				4,
				4.0
			],
			[
				4,
				5,
				2,
				27.5,
				0.40816326530612246,
				7,
				7.0
			],
			[
				-1,
				-1,
				-2,
				-2.0,
				0.0,
				5,
				5.0
			],
			[
				-1,
				-1,
				-2,
				-2.0,
				0.0,
				2,
				2.0
			],
			[
				7,
				14,
				2,
				35.5,
				0.0820408163265306,
				70,
				70.0
			],
			[
				8,
				13,
				3,
				17.5,
				0.029843893480257067,
				66,
				66.0
			],
			[
				9,
				12,
				1,
				2.5,
				0.18000000000000005,
				10,
				10.0
			],
			[
				10,
				11,
				0,
				0.5,
				0.5,
				2,
				2.0
			],
			[
				-1,
				-1,
				-2,
				-2.0,
				0.0,
				1,
				1.0
			],
			[
				-1,
				-1,
				-2,
				-2.0,
				0.0,
				1,
				1.0
			],
			[
				-1,
				-1,
				-2,
				-2.0,
				0.0,
				8,
				8.0
			],
			[
				-1,
				-1,
				-2,
				-2.0,
				0.0,
				56,
				56.0
			],
			[
				15,
				16,
				1,
				2.5,
				0.5,
				4,
				4.0
			],
			[
				-1,
				-1,
				-2,
				-2.0,
				0.0,
				2,
				2.0
			],
			[
				-1,
				-1,
				-2,
				-2.0,
				0.0,
				2,
				2.0
			]
		]
	},
	"n_outputs_": 1,
	"n_classes_": 2
}